dataset,file,field,type,source,provenance,status,derived_or_original,role,row_count,missing_pct_sample,sample_cardinality,join_keys,used_by_v1,previous_phase3_use
alibaba_gpu2020,instance_table.main_sample.csv,job_name,str,restored official Alibaba GPU2020 processed boundary,derived/processed; canonical pipeline,processed,derived,identifier,60005,0.0,160,job_name,False,False
alibaba_gpu2020,instance_table.main_sample.csv,task_name,str,restored official Alibaba GPU2020 processed boundary,derived/processed; canonical pipeline,processed,derived,identifier,60005,0.0,11,job_name,False,False
alibaba_gpu2020,instance_table.main_sample.csv,inst_name,str,restored official Alibaba GPU2020 processed boundary,derived/processed; canonical pipeline,processed,derived,identifier,60005,0.0,994,job_name,False,False
alibaba_gpu2020,instance_table.main_sample.csv,worker_name,str,restored official Alibaba GPU2020 processed boundary,derived/processed; canonical pipeline,processed,derived,identifier,60005,0.0,971,job_name,False,False
alibaba_gpu2020,instance_table.main_sample.csv,inst_id,str,restored official Alibaba GPU2020 processed boundary,derived/processed; canonical pipeline,processed,derived,identifier,60005,0.0,160,job_name,False,False
alibaba_gpu2020,instance_table.main_sample.csv,status,str,restored official Alibaba GPU2020 processed boundary,derived/processed; canonical pipeline,processed,derived,outcome,60005,0.0,4,job_name,False,False
alibaba_gpu2020,instance_table.main_sample.csv,start_time,float64,restored official Alibaba GPU2020 processed boundary,derived/processed; canonical pipeline,processed,derived,timestamp,60005,10.6,267,job_name,False,False
alibaba_gpu2020,instance_table.main_sample.csv,end_time,float64,restored official Alibaba GPU2020 processed boundary,derived/processed; canonical pipeline,processed,derived,timestamp,60005,9.700000000000001,643,job_name,False,False
alibaba_gpu2020,instance_table.main_sample.csv,machine,str,restored official Alibaba GPU2020 processed boundary,derived/processed; canonical pipeline,processed,derived,identifier,60005,0.0,553,job_name,False,False
alibaba_gpu2020,job_table.clean.csv,_source_row_index,int64,restored official Alibaba GPU2020 processed boundary,derived/processed; canonical pipeline,processed,derived,identifier,1055501,0.0,1000,job_name,False,False
alibaba_gpu2020,job_table.clean.csv,job_name,str,restored official Alibaba GPU2020 processed boundary,derived/processed; canonical pipeline,processed,original_or_cleaned,identifier,1055501,0.0,1000,job_name,False,False
alibaba_gpu2020,job_table.clean.csv,inst_id,str,restored official Alibaba GPU2020 processed boundary,derived/processed; canonical pipeline,processed,original_or_cleaned,identifier,1055501,0.0,1000,job_name,False,False
alibaba_gpu2020,job_table.clean.csv,user,str,restored official Alibaba GPU2020 processed boundary,derived/processed; canonical pipeline,processed,original_or_cleaned,identifier,1055501,0.0,13,job_name,False,False
alibaba_gpu2020,job_table.clean.csv,status,str,restored official Alibaba GPU2020 processed boundary,derived/processed; canonical pipeline,processed,original_or_cleaned,outcome,1055501,0.0,3,job_name,False,False
alibaba_gpu2020,job_table.clean.csv,start_time,float64,restored official Alibaba GPU2020 processed boundary,derived/processed; canonical pipeline,processed,original_or_cleaned,timestamp,1055501,0.0,990,job_name,False,False
alibaba_gpu2020,job_table.clean.csv,end_time,float64,restored official Alibaba GPU2020 processed boundary,derived/processed; canonical pipeline,processed,original_or_cleaned,timestamp,1055501,17.2,827,job_name,False,False
alibaba_gpu2020,machine_metric.main_sample.csv,worker_name,str,restored official Alibaba GPU2020 processed boundary,derived/processed; canonical pipeline,processed,derived,identifier,19841,0.0,1000,machine/worker_name or task/instance key as applicable,False,False
alibaba_gpu2020,machine_metric.main_sample.csv,machine,str,restored official Alibaba GPU2020 processed boundary,derived/processed; canonical pipeline,processed,derived,identifier,19841,0.0,57,machine/worker_name or task/instance key as applicable,False,False
alibaba_gpu2020,machine_metric.main_sample.csv,start_time,int64,restored official Alibaba GPU2020 processed boundary,derived/processed; canonical pipeline,processed,derived,timestamp,19841,0.0,785,machine/worker_name or task/instance key as applicable,False,False
alibaba_gpu2020,machine_metric.main_sample.csv,end_time,int64,restored official Alibaba GPU2020 processed boundary,derived/processed; canonical pipeline,processed,derived,timestamp,19841,0.0,980,machine/worker_name or task/instance key as applicable,False,False
alibaba_gpu2020,machine_metric.main_sample.csv,machine_cpu_iowait,float64,restored official Alibaba GPU2020 processed boundary,derived/processed; canonical pipeline,processed,derived,resource,19841,8.5,915,machine/worker_name or task/instance key as applicable,False,False
alibaba_gpu2020,machine_metric.main_sample.csv,machine_cpu_kernel,float64,restored official Alibaba GPU2020 processed boundary,derived/processed; canonical pipeline,processed,derived,resource,19841,14.799999999999999,852,machine/worker_name or task/instance key as applicable,False,False
alibaba_gpu2020,machine_metric.main_sample.csv,machine_cpu_usr,float64,restored official Alibaba GPU2020 processed boundary,derived/processed; canonical pipeline,processed,derived,resource,19841,9.0,910,machine/worker_name or task/instance key as applicable,False,False
alibaba_gpu2020,machine_metric.main_sample.csv,machine_gpu,float64,restored official Alibaba GPU2020 processed boundary,derived/processed; canonical pipeline,processed,derived,resource,19841,9.1,909,machine/worker_name or task/instance key as applicable,False,False
alibaba_gpu2020,machine_metric.main_sample.csv,machine_load_1,float64,restored official Alibaba GPU2020 processed boundary,derived/processed; canonical pipeline,processed,derived,resource,19841,8.5,915,machine/worker_name or task/instance key as applicable,False,False
alibaba_gpu2020,machine_metric.main_sample.csv,machine_net_receive,float64,restored official Alibaba GPU2020 processed boundary,derived/processed; canonical pipeline,processed,derived,resource,19841,8.5,915,machine/worker_name or task/instance key as applicable,False,False
alibaba_gpu2020,machine_metric.main_sample.csv,machine_num_worker,float64,restored official Alibaba GPU2020 processed boundary,derived/processed; canonical pipeline,processed,derived,resource,19841,12.4,876,machine/worker_name or task/instance key as applicable,False,False
alibaba_gpu2020,machine_metric.main_sample.csv,machine_cpu,float64,restored official Alibaba GPU2020 processed boundary,derived/processed; canonical pipeline,processed,derived,resource,19841,15.299999999999999,847,machine/worker_name or task/instance key as applicable,False,False
alibaba_gpu2020,sensor_table.main_sample.csv,job_name,str,restored official Alibaba GPU2020 processed boundary,derived/processed; canonical pipeline,processed,derived,identifier,26350,0.0,269,job_name,False,False
alibaba_gpu2020,sensor_table.main_sample.csv,task_name,str,restored official Alibaba GPU2020 processed boundary,derived/processed; canonical pipeline,processed,derived,identifier,26350,0.0,5,job_name,False,False
alibaba_gpu2020,sensor_table.main_sample.csv,worker_name,str,restored official Alibaba GPU2020 processed boundary,derived/processed; canonical pipeline,processed,derived,identifier,26350,0.0,1000,job_name,False,False
alibaba_gpu2020,sensor_table.main_sample.csv,inst_id,str,restored official Alibaba GPU2020 processed boundary,derived/processed; canonical pipeline,processed,derived,identifier,26350,0.0,269,job_name,False,False
alibaba_gpu2020,sensor_table.main_sample.csv,machine,str,restored official Alibaba GPU2020 processed boundary,derived/processed; canonical pipeline,processed,derived,identifier,26350,0.0,497,job_name,False,False
alibaba_gpu2020,sensor_table.main_sample.csv,gpu_name,str,restored official Alibaba GPU2020 processed boundary,derived/processed; canonical pipeline,processed,derived,resource,26350,0.0,8,job_name,False,False
alibaba_gpu2020,sensor_table.main_sample.csv,cpu_usage,float64,restored official Alibaba GPU2020 processed boundary,derived/processed; canonical pipeline,processed,derived,resource,26350,0.0,987,job_name,False,False
alibaba_gpu2020,sensor_table.main_sample.csv,gpu_wrk_util,float64,restored official Alibaba GPU2020 processed boundary,derived/processed; canonical pipeline,processed,derived,resource,26350,0.0,679,job_name,False,False
alibaba_gpu2020,sensor_table.main_sample.csv,avg_mem,float64,restored official Alibaba GPU2020 processed boundary,derived/processed; canonical pipeline,processed,derived,resource,26350,0.0,995,job_name,False,False
alibaba_gpu2020,sensor_table.main_sample.csv,max_mem,float64,restored official Alibaba GPU2020 processed boundary,derived/processed; canonical pipeline,processed,derived,resource,26350,0.0,903,job_name,False,False
alibaba_gpu2020,sensor_table.main_sample.csv,avg_gpu_wrk_mem,float64,restored official Alibaba GPU2020 processed boundary,derived/processed; canonical pipeline,processed,derived,resource,26350,0.0,808,job_name,False,False
alibaba_gpu2020,sensor_table.main_sample.csv,max_gpu_wrk_mem,float64,restored official Alibaba GPU2020 processed boundary,derived/processed; canonical pipeline,processed,derived,resource,26350,0.0,230,job_name,False,False
alibaba_gpu2020,sensor_table.main_sample.csv,read,float64,restored official Alibaba GPU2020 processed boundary,derived/processed; canonical pipeline,processed,derived,resource,26350,0.0,1000,job_name,False,False
alibaba_gpu2020,sensor_table.main_sample.csv,write,float64,restored official Alibaba GPU2020 processed boundary,derived/processed; canonical pipeline,processed,derived,resource,26350,0.0,1000,job_name,False,False
alibaba_gpu2020,sensor_table.main_sample.csv,read_count,float64,restored official Alibaba GPU2020 processed boundary,derived/processed; canonical pipeline,processed,derived,resource,26350,0.0,1000,job_name,False,False
alibaba_gpu2020,sensor_table.main_sample.csv,write_count,float64,restored official Alibaba GPU2020 processed boundary,derived/processed; canonical pipeline,processed,derived,resource,26350,0.0,996,job_name,False,False
alibaba_gpu2020,task_table.clean.csv,_source_row_index,int64,restored official Alibaba GPU2020 processed boundary,derived/processed; canonical pipeline,processed,derived,identifier,1261050,0.0,1000,job_name,False,False
alibaba_gpu2020,task_table.clean.csv,job_name,str,restored official Alibaba GPU2020 processed boundary,derived/processed; canonical pipeline,processed,original_or_cleaned,identifier,1261050,0.0,890,job_name,False,False
alibaba_gpu2020,task_table.clean.csv,task_name,str,restored official Alibaba GPU2020 processed boundary,derived/processed; canonical pipeline,processed,original_or_cleaned,identifier,1261050,0.0,14,job_name,False,False
alibaba_gpu2020,task_table.clean.csv,inst_num,float64,restored official Alibaba GPU2020 processed boundary,derived/processed; canonical pipeline,processed,original_or_cleaned,workload,1261050,0.0,27,job_name,False,False
alibaba_gpu2020,task_table.clean.csv,status,str,restored official Alibaba GPU2020 processed boundary,derived/processed; canonical pipeline,processed,original_or_cleaned,outcome,1261050,0.0,4,job_name,False,False
alibaba_gpu2020,task_table.clean.csv,start_time,float64,restored official Alibaba GPU2020 processed boundary,derived/processed; canonical pipeline,processed,original_or_cleaned,timestamp,1261050,0.1,991,job_name,False,False
alibaba_gpu2020,task_table.clean.csv,end_time,float64,restored official Alibaba GPU2020 processed boundary,derived/processed; canonical pipeline,processed,original_or_cleaned,timestamp,1261050,22.7,772,job_name,False,False
alibaba_gpu2020,task_table.clean.csv,plan_cpu,float64,restored official Alibaba GPU2020 processed boundary,derived/processed; canonical pipeline,processed,original_or_cleaned,resource,1261050,1.6,23,job_name,False,False
alibaba_gpu2020,task_table.clean.csv,plan_mem,float64,restored official Alibaba GPU2020 processed boundary,derived/processed; canonical pipeline,processed,original_or_cleaned,resource,1261050,1.6,49,job_name,False,False
alibaba_gpu2020,task_table.clean.csv,plan_gpu,float64,restored official Alibaba GPU2020 processed boundary,derived/processed; canonical pipeline,processed,original_or_cleaned,resource,1261050,19.8,13,job_name,False,False
alibaba_gpu2020,task_table.clean.csv,gpu_type,str,restored official Alibaba GPU2020 processed boundary,derived/processed; canonical pipeline,processed,original_or_cleaned,resource,1261050,19.400000000000002,5,job_name,False,False
alibaba_gpu2020,task_table.main_sample.csv,_source_row_index,int64,restored official Alibaba GPU2020 processed boundary,derived/processed; canonical pipeline,processed,derived,identifier,11750,0.0,1000,job_name,False,False
alibaba_gpu2020,task_table.main_sample.csv,job_name,str,restored official Alibaba GPU2020 processed boundary,derived/processed; canonical pipeline,processed,derived,identifier,11750,0.0,851,job_name,False,False
alibaba_gpu2020,task_table.main_sample.csv,task_name,str,restored official Alibaba GPU2020 processed boundary,derived/processed; canonical pipeline,processed,derived,identifier,11750,0.0,14,job_name,False,False
alibaba_gpu2020,task_table.main_sample.csv,inst_num,float64,restored official Alibaba GPU2020 processed boundary,derived/processed; canonical pipeline,processed,derived,workload,11750,0.0,30,job_name,False,False
alibaba_gpu2020,task_table.main_sample.csv,status,str,restored official Alibaba GPU2020 processed boundary,derived/processed; canonical pipeline,processed,derived,outcome,11750,0.0,3,job_name,False,False
alibaba_gpu2020,task_table.main_sample.csv,start_time,float64,restored official Alibaba GPU2020 processed boundary,derived/processed; canonical pipeline,processed,derived,timestamp,11750,0.0,988,job_name,False,False
alibaba_gpu2020,task_table.main_sample.csv,end_time,float64,restored official Alibaba GPU2020 processed boundary,derived/processed; canonical pipeline,processed,derived,timestamp,11750,15.8,840,job_name,False,False
alibaba_gpu2020,task_table.main_sample.csv,plan_cpu,float64,restored official Alibaba GPU2020 processed boundary,derived/processed; canonical pipeline,processed,derived,resource,11750,0.0,19,job_name,False,False
alibaba_gpu2020,task_table.main_sample.csv,plan_mem,float64,restored official Alibaba GPU2020 processed boundary,derived/processed; canonical pipeline,processed,derived,resource,11750,0.0,42,job_name,False,False
alibaba_gpu2020,task_table.main_sample.csv,plan_gpu,float64,restored official Alibaba GPU2020 processed boundary,derived/processed; canonical pipeline,processed,derived,resource,11750,15.8,13,job_name,False,False
alibaba_gpu2020,task_table.main_sample.csv,gpu_type,str,restored official Alibaba GPU2020 processed boundary,derived/processed; canonical pipeline,processed,derived,resource,11750,15.8,5,job_name,False,False
